--
-- PostgreSQL database dump
--

\restrict zxRuVjQ3R746KZlgFH9CV1HZZX6Ss2GUXbl6jnrjSVcd1QJBhxiJBWn10yLHIrJ

-- Dumped from database version 18.1
-- Dumped by pg_dump version 18.1

SET statement_timeout = 0;
SET lock_timeout = 0;
SET idle_in_transaction_session_timeout = 0;
SET transaction_timeout = 0;
SET client_encoding = 'UTF8';
SET standard_conforming_strings = on;
SELECT pg_catalog.set_config('search_path', '', false);
SET check_function_bodies = false;
SET xmloption = content;
SET client_min_messages = warning;
SET row_security = off;

SET default_tablespace = '';

SET default_table_access_method = heap;

--
-- Name: Admins; Type: TABLE; Schema: public; Owner: postgres
--

CREATE TABLE public."Admins" (
    "Id" bigint NOT NULL,
    "UserId" bigint NOT NULL,
    "FirstName" character varying(100) NOT NULL,
    "LastName" character varying(100) NOT NULL,
    "IsSystemAdmin" boolean DEFAULT false NOT NULL,
    "IsActive" boolean DEFAULT true NOT NULL,
    "CreatedAt" timestamp with time zone NOT NULL,
    "UpdatedAt" timestamp with time zone
);


ALTER TABLE public."Admins" OWNER TO postgres;

--
-- Name: Admins_Id_seq; Type: SEQUENCE; Schema: public; Owner: postgres
--

ALTER TABLE public."Admins" ALTER COLUMN "Id" ADD GENERATED BY DEFAULT AS IDENTITY (
    SEQUENCE NAME public."Admins_Id_seq"
    START WITH 1
    INCREMENT BY 1
    NO MINVALUE
    NO MAXVALUE
    CACHE 1
);


--
-- Name: AppointmentNotes; Type: TABLE; Schema: public; Owner: postgres
--

CREATE TABLE public."AppointmentNotes" (
    "Id" bigint NOT NULL,
    "AppointmentId" bigint NOT NULL,
    "ClientId" bigint NOT NULL,
    "NoteText" character varying(1000) NOT NULL,
    "CreatedAt" timestamp with time zone NOT NULL,
    "UpdatedAt" timestamp with time zone
);


ALTER TABLE public."AppointmentNotes" OWNER TO postgres;

--
-- Name: AppointmentNotes_Id_seq; Type: SEQUENCE; Schema: public; Owner: postgres
--

ALTER TABLE public."AppointmentNotes" ALTER COLUMN "Id" ADD GENERATED BY DEFAULT AS IDENTITY (
    SEQUENCE NAME public."AppointmentNotes_Id_seq"
    START WITH 1
    INCREMENT BY 1
    NO MINVALUE
    NO MAXVALUE
    CACHE 1
);


--
-- Name: AppointmentReports; Type: TABLE; Schema: public; Owner: postgres
--

CREATE TABLE public."AppointmentReports" (
    "Id" bigint NOT NULL,
    "AppointmentId" bigint NOT NULL,
    "ExpertId" bigint NOT NULL,
    "ReportText" text NOT NULL,
    "CreatedAt" timestamp with time zone NOT NULL,
    "UpdatedAt" timestamp with time zone
);


ALTER TABLE public."AppointmentReports" OWNER TO postgres;

--
-- Name: AppointmentReports_Id_seq; Type: SEQUENCE; Schema: public; Owner: postgres
--

ALTER TABLE public."AppointmentReports" ALTER COLUMN "Id" ADD GENERATED BY DEFAULT AS IDENTITY (
    SEQUENCE NAME public."AppointmentReports_Id_seq"
    START WITH 1
    INCREMENT BY 1
    NO MINVALUE
    NO MAXVALUE
    CACHE 1
);


--
-- Name: Appointments; Type: TABLE; Schema: public; Owner: postgres
--

CREATE TABLE public."Appointments" (
    "Id" bigint NOT NULL,
    "ClientId" bigint NOT NULL,
    "ExpertId" bigint NOT NULL,
    "ClientPackageId" bigint,
    "ServiceType" integer NOT NULL,
    "StartDateTime" timestamp with time zone NOT NULL,
    "EndDateTime" timestamp with time zone NOT NULL,
    "ZoomLink" character varying(500),
    "Status" integer NOT NULL,
    "CreatedAt" timestamp with time zone NOT NULL,
    "UpdatedAt" timestamp with time zone
);


ALTER TABLE public."Appointments" OWNER TO postgres;

--
-- Name: Appointments_Id_seq; Type: SEQUENCE; Schema: public; Owner: postgres
--

ALTER TABLE public."Appointments" ALTER COLUMN "Id" ADD GENERATED BY DEFAULT AS IDENTITY (
    SEQUENCE NAME public."Appointments_Id_seq"
    START WITH 1
    INCREMENT BY 1
    NO MINVALUE
    NO MAXVALUE
    CACHE 1
);


--
-- Name: AuditLogs; Type: TABLE; Schema: public; Owner: postgres
--

CREATE TABLE public."AuditLogs" (
    "Id" bigint NOT NULL,
    "UserId" bigint,
    "ActionType" character varying(100) NOT NULL,
    "TargetType" character varying(100),
    "TargetId" bigint,
    "IpAddress" character varying(50),
    "MetaJson" text,
    "CreatedAt" timestamp with time zone NOT NULL
);


ALTER TABLE public."AuditLogs" OWNER TO postgres;

--
-- Name: AuditLogs_Id_seq; Type: SEQUENCE; Schema: public; Owner: postgres
--

ALTER TABLE public."AuditLogs" ALTER COLUMN "Id" ADD GENERATED BY DEFAULT AS IDENTITY (
    SEQUENCE NAME public."AuditLogs_Id_seq"
    START WITH 1
    INCREMENT BY 1
    NO MINVALUE
    NO MAXVALUE
    CACHE 1
);


--
-- Name: ClientPackages; Type: TABLE; Schema: public; Owner: postgres
--

CREATE TABLE public."ClientPackages" (
    "Id" bigint NOT NULL,
    "ClientId" bigint NOT NULL,
    "ServicePackageId" bigint NOT NULL,
    "TotalSessions" integer NOT NULL,
    "UsedSessions" integer DEFAULT 0 NOT NULL,
    "Status" integer NOT NULL,
    "PurchaseDate" timestamp with time zone NOT NULL,
    "ExpireDate" timestamp with time zone,
    "CreatedAt" timestamp with time zone NOT NULL,
    "UpdatedAt" timestamp with time zone
);


ALTER TABLE public."ClientPackages" OWNER TO postgres;

--
-- Name: ClientPackages_Id_seq; Type: SEQUENCE; Schema: public; Owner: postgres
--

ALTER TABLE public."ClientPackages" ALTER COLUMN "Id" ADD GENERATED BY DEFAULT AS IDENTITY (
    SEQUENCE NAME public."ClientPackages_Id_seq"
    START WITH 1
    INCREMENT BY 1
    NO MINVALUE
    NO MAXVALUE
    CACHE 1
);


--
-- Name: Clients; Type: TABLE; Schema: public; Owner: postgres
--

CREATE TABLE public."Clients" (
    "Id" bigint NOT NULL,
    "UserId" bigint NOT NULL,
    "FirstName" character varying(100) NOT NULL,
    "LastName" character varying(100) NOT NULL,
    "Gender" integer,
    "BirthDate" timestamp with time zone,
    "IsActive" boolean DEFAULT true NOT NULL,
    "CreatedAt" timestamp with time zone NOT NULL,
    "UpdatedAt" timestamp with time zone
);


ALTER TABLE public."Clients" OWNER TO postgres;

--
-- Name: Clients_Id_seq; Type: SEQUENCE; Schema: public; Owner: postgres
--

ALTER TABLE public."Clients" ALTER COLUMN "Id" ADD GENERATED BY DEFAULT AS IDENTITY (
    SEQUENCE NAME public."Clients_Id_seq"
    START WITH 1
    INCREMENT BY 1
    NO MINVALUE
    NO MAXVALUE
    CACHE 1
);


--
-- Name: Complaints; Type: TABLE; Schema: public; Owner: postgres
--

CREATE TABLE public."Complaints" (
    "Id" bigint NOT NULL,
    "ClientId" bigint,
    "ExpertId" bigint,
    "AppointmentId" bigint,
    "Category" integer NOT NULL,
    "Type" integer NOT NULL,
    "Title" character varying(200) NOT NULL,
    "Description" text,
    "Status" integer NOT NULL,
    "AdminNote" character varying(500),
    "CreatedAt" timestamp with time zone NOT NULL,
    "UpdatedAt" timestamp with time zone,
    "ClosedAt" timestamp with time zone
);


ALTER TABLE public."Complaints" OWNER TO postgres;

--
-- Name: Complaints_Id_seq; Type: SEQUENCE; Schema: public; Owner: postgres
--

ALTER TABLE public."Complaints" ALTER COLUMN "Id" ADD GENERATED BY DEFAULT AS IDENTITY (
    SEQUENCE NAME public."Complaints_Id_seq"
    START WITH 1
    INCREMENT BY 1
    NO MINVALUE
    NO MAXVALUE
    CACHE 1
);


--
-- Name: ContentItems; Type: TABLE; Schema: public; Owner: postgres
--

CREATE TABLE public."ContentItems" (
    "Id" bigint NOT NULL,
    "Title" character varying(200) NOT NULL,
    "SubTitle" character varying(300),
    "Slug" character varying(200) NOT NULL,
    "Type" integer NOT NULL,
    "Category" character varying(100),
    "CoverImageUrl" character varying(500),
    "BodyHtml" text NOT NULL,
    "SeoTitle" character varying(200),
    "SeoDescription" character varying(300),
    "Status" integer NOT NULL,
    "AuthorUserId" bigint NOT NULL,
    "PublishedAt" timestamp with time zone,
    "CreatedAt" timestamp with time zone NOT NULL,
    "UpdatedAt" timestamp with time zone
);


ALTER TABLE public."ContentItems" OWNER TO postgres;

--
-- Name: ContentItems_Id_seq; Type: SEQUENCE; Schema: public; Owner: postgres
--

ALTER TABLE public."ContentItems" ALTER COLUMN "Id" ADD GENERATED BY DEFAULT AS IDENTITY (
    SEQUENCE NAME public."ContentItems_Id_seq"
    START WITH 1
    INCREMENT BY 1
    NO MINVALUE
    NO MAXVALUE
    CACHE 1
);


--
-- Name: ConversationFlags; Type: TABLE; Schema: public; Owner: postgres
--

CREATE TABLE public."ConversationFlags" (
    "Id" bigint NOT NULL,
    "ConversationId" bigint NOT NULL,
    "ReportedByUserId" bigint NOT NULL,
    "Reason" character varying(250) NOT NULL,
    "Status" integer NOT NULL,
    "CreatedAt" timestamp with time zone NOT NULL,
    "UpdatedAt" timestamp with time zone
);


ALTER TABLE public."ConversationFlags" OWNER TO postgres;

--
-- Name: ConversationFlags_Id_seq; Type: SEQUENCE; Schema: public; Owner: postgres
--

ALTER TABLE public."ConversationFlags" ALTER COLUMN "Id" ADD GENERATED BY DEFAULT AS IDENTITY (
    SEQUENCE NAME public."ConversationFlags_Id_seq"
    START WITH 1
    INCREMENT BY 1
    NO MINVALUE
    NO MAXVALUE
    CACHE 1
);


--
-- Name: Conversations; Type: TABLE; Schema: public; Owner: postgres
--

CREATE TABLE public."Conversations" (
    "Id" bigint NOT NULL,
    "ClientId" bigint NOT NULL,
    "ExpertId" bigint NOT NULL,
    "CreatedAt" timestamp with time zone NOT NULL,
    "LastMessageAt" timestamp with time zone,
    "IsFrozen" boolean DEFAULT false NOT NULL
);


ALTER TABLE public."Conversations" OWNER TO postgres;

--
-- Name: Conversations_Id_seq; Type: SEQUENCE; Schema: public; Owner: postgres
--

ALTER TABLE public."Conversations" ALTER COLUMN "Id" ADD GENERATED BY DEFAULT AS IDENTITY (
    SEQUENCE NAME public."Conversations_Id_seq"
    START WITH 1
    INCREMENT BY 1
    NO MINVALUE
    NO MAXVALUE
    CACHE 1
);


--
-- Name: DiscountCodes; Type: TABLE; Schema: public; Owner: postgres
--

CREATE TABLE public."DiscountCodes" (
    "Id" bigint NOT NULL,
    "Code" character varying(50) NOT NULL,
    "Description" character varying(255),
    "DiscountType" integer NOT NULL,
    "DiscountValue" numeric(18,2) NOT NULL,
    "MaxUsageCount" integer,
    "UsedCount" integer DEFAULT 0 NOT NULL,
    "ValidFrom" timestamp with time zone NOT NULL,
    "ValidTo" timestamp with time zone,
    "ApplicableExpertType" integer NOT NULL,
    "IsActive" boolean DEFAULT true NOT NULL,
    "CreatedAt" timestamp with time zone NOT NULL,
    "UpdatedAt" timestamp with time zone
);


ALTER TABLE public."DiscountCodes" OWNER TO postgres;

--
-- Name: DiscountCodes_Id_seq; Type: SEQUENCE; Schema: public; Owner: postgres
--

ALTER TABLE public."DiscountCodes" ALTER COLUMN "Id" ADD GENERATED BY DEFAULT AS IDENTITY (
    SEQUENCE NAME public."DiscountCodes_Id_seq"
    START WITH 1
    INCREMENT BY 1
    NO MINVALUE
    NO MAXVALUE
    CACHE 1
);


--
-- Name: ExpertScheduleExceptions; Type: TABLE; Schema: public; Owner: postgres
--

CREATE TABLE public."ExpertScheduleExceptions" (
    "Id" bigint NOT NULL,
    "ExpertId" bigint NOT NULL,
    "Date" date NOT NULL,
    "Type" integer NOT NULL,
    "StartTime" time without time zone,
    "EndTime" time without time zone,
    "Reason" character varying(250),
    "CreatedAt" timestamp with time zone NOT NULL
);


ALTER TABLE public."ExpertScheduleExceptions" OWNER TO postgres;

--
-- Name: ExpertScheduleExceptions_Id_seq; Type: SEQUENCE; Schema: public; Owner: postgres
--

ALTER TABLE public."ExpertScheduleExceptions" ALTER COLUMN "Id" ADD GENERATED BY DEFAULT AS IDENTITY (
    SEQUENCE NAME public."ExpertScheduleExceptions_Id_seq"
    START WITH 1
    INCREMENT BY 1
    NO MINVALUE
    NO MAXVALUE
    CACHE 1
);


--
-- Name: ExpertScheduleTemplates; Type: TABLE; Schema: public; Owner: postgres
--

CREATE TABLE public."ExpertScheduleTemplates" (
    "Id" bigint NOT NULL,
    "ExpertId" bigint NOT NULL,
    "DayOfWeek" integer NOT NULL,
    "IsOpen" boolean NOT NULL,
    "WorkStartTime" time without time zone,
    "WorkEndTime" time without time zone,
    "CreatedAt" timestamp with time zone NOT NULL,
    "UpdatedAt" timestamp with time zone
);


ALTER TABLE public."ExpertScheduleTemplates" OWNER TO postgres;

--
-- Name: ExpertScheduleTemplates_Id_seq; Type: SEQUENCE; Schema: public; Owner: postgres
--

ALTER TABLE public."ExpertScheduleTemplates" ALTER COLUMN "Id" ADD GENERATED BY DEFAULT AS IDENTITY (
    SEQUENCE NAME public."ExpertScheduleTemplates_Id_seq"
    START WITH 1
    INCREMENT BY 1
    NO MINVALUE
    NO MAXVALUE
    CACHE 1
);


--
-- Name: ExpertSpecializations; Type: TABLE; Schema: public; Owner: postgres
--

CREATE TABLE public."ExpertSpecializations" (
    "ExpertId" bigint NOT NULL,
    "SpecializationId" bigint NOT NULL,
    "CreatedAt" timestamp with time zone NOT NULL
);


ALTER TABLE public."ExpertSpecializations" OWNER TO postgres;

--
-- Name: Experts; Type: TABLE; Schema: public; Owner: postgres
--

CREATE TABLE public."Experts" (
    "Id" bigint NOT NULL,
    "UserId" bigint NOT NULL,
    "ExpertType" integer NOT NULL,
    "Status" integer NOT NULL,
    "DisplayName" character varying(150),
    "Bio" character varying(2000),
    "City" character varying(100),
    "WorkType" integer,
    "ExperienceStartDate" date,
    "AverageRating" numeric(3,2),
    "TotalReviewCount" integer DEFAULT 0 NOT NULL,
    "IsActive" boolean DEFAULT true NOT NULL,
    "CreatedAt" timestamp with time zone NOT NULL,
    "UpdatedAt" timestamp with time zone
);


ALTER TABLE public."Experts" OWNER TO postgres;

--
-- Name: Experts_Id_seq; Type: SEQUENCE; Schema: public; Owner: postgres
--

ALTER TABLE public."Experts" ALTER COLUMN "Id" ADD GENERATED BY DEFAULT AS IDENTITY (
    SEQUENCE NAME public."Experts_Id_seq"
    START WITH 1
    INCREMENT BY 1
    NO MINVALUE
    NO MAXVALUE
    CACHE 1
);


--
-- Name: Messages; Type: TABLE; Schema: public; Owner: postgres
--

CREATE TABLE public."Messages" (
    "Id" bigint NOT NULL,
    "ConversationId" bigint NOT NULL,
    "SenderUserId" bigint NOT NULL,
    "MessageText" character varying(1000) NOT NULL,
    "IsRead" boolean DEFAULT false NOT NULL,
    "ReadAt" timestamp with time zone,
    "CreatedAt" timestamp with time zone NOT NULL
);


ALTER TABLE public."Messages" OWNER TO postgres;

--
-- Name: Messages_Id_seq; Type: SEQUENCE; Schema: public; Owner: postgres
--

ALTER TABLE public."Messages" ALTER COLUMN "Id" ADD GENERATED BY DEFAULT AS IDENTITY (
    SEQUENCE NAME public."Messages_Id_seq"
    START WITH 1
    INCREMENT BY 1
    NO MINVALUE
    NO MAXVALUE
    CACHE 1
);


--
-- Name: PaymentDiscountUsages; Type: TABLE; Schema: public; Owner: postgres
--

CREATE TABLE public."PaymentDiscountUsages" (
    "Id" bigint NOT NULL,
    "PaymentId" bigint NOT NULL,
    "DiscountCodeId" bigint NOT NULL,
    "AppliedAmount" numeric(18,2) NOT NULL,
    "CreatedAt" timestamp with time zone NOT NULL
);


ALTER TABLE public."PaymentDiscountUsages" OWNER TO postgres;

--
-- Name: PaymentDiscountUsages_Id_seq; Type: SEQUENCE; Schema: public; Owner: postgres
--

ALTER TABLE public."PaymentDiscountUsages" ALTER COLUMN "Id" ADD GENERATED BY DEFAULT AS IDENTITY (
    SEQUENCE NAME public."PaymentDiscountUsages_Id_seq"
    START WITH 1
    INCREMENT BY 1
    NO MINVALUE
    NO MAXVALUE
    CACHE 1
);


--
-- Name: Payments; Type: TABLE; Schema: public; Owner: postgres
--

CREATE TABLE public."Payments" (
    "Id" bigint NOT NULL,
    "ClientId" bigint NOT NULL,
    "ClientPackageId" bigint NOT NULL,
    "Amount" numeric(18,2) NOT NULL,
    "Currency" character varying(10) DEFAULT 'TRY'::character varying NOT NULL,
    "PaymentMethod" character varying(50) NOT NULL,
    "Status" integer NOT NULL,
    "Gateway" integer NOT NULL,
    "GatewayPaymentId" character varying(100),
    "ProviderRawResponse" text,
    "ConfirmedAt" timestamp with time zone,
    "CreatedAt" timestamp with time zone NOT NULL,
    "UpdatedAt" timestamp with time zone
);


ALTER TABLE public."Payments" OWNER TO postgres;

--
-- Name: Payments_Id_seq; Type: SEQUENCE; Schema: public; Owner: postgres
--

ALTER TABLE public."Payments" ALTER COLUMN "Id" ADD GENERATED BY DEFAULT AS IDENTITY (
    SEQUENCE NAME public."Payments_Id_seq"
    START WITH 1
    INCREMENT BY 1
    NO MINVALUE
    NO MAXVALUE
    CACHE 1
);


--
-- Name: Reviews; Type: TABLE; Schema: public; Owner: postgres
--

CREATE TABLE public."Reviews" (
    "Id" bigint NOT NULL,
    "AppointmentId" bigint NOT NULL,
    "ClientId" bigint NOT NULL,
    "ExpertId" bigint NOT NULL,
    "Rating" integer NOT NULL,
    "Comment" character varying(500),
    "Status" integer NOT NULL,
    "AdminNote" character varying(500),
    "CreatedAt" timestamp with time zone NOT NULL,
    "ReviewedAt" timestamp with time zone,
    "ReviewedByAdminId" bigint
);


ALTER TABLE public."Reviews" OWNER TO postgres;

--
-- Name: Reviews_Id_seq; Type: SEQUENCE; Schema: public; Owner: postgres
--

ALTER TABLE public."Reviews" ALTER COLUMN "Id" ADD GENERATED BY DEFAULT AS IDENTITY (
    SEQUENCE NAME public."Reviews_Id_seq"
    START WITH 1
    INCREMENT BY 1
    NO MINVALUE
    NO MAXVALUE
    CACHE 1
);


--
-- Name: ServicePackages; Type: TABLE; Schema: public; Owner: postgres
--

CREATE TABLE public."ServicePackages" (
    "Id" bigint NOT NULL,
    "Name" character varying(150) NOT NULL,
    "Description" text,
    "ExpertType" integer NOT NULL,
    "SessionCount" integer NOT NULL,
    "Price" numeric(18,2) NOT NULL,
    "Currency" character varying(10) DEFAULT 'TRY'::character varying NOT NULL,
    "IsActive" boolean DEFAULT true NOT NULL,
    "CreatedAt" timestamp with time zone NOT NULL,
    "UpdatedAt" timestamp with time zone
);


ALTER TABLE public."ServicePackages" OWNER TO postgres;

--
-- Name: ServicePackages_Id_seq; Type: SEQUENCE; Schema: public; Owner: postgres
--

ALTER TABLE public."ServicePackages" ALTER COLUMN "Id" ADD GENERATED BY DEFAULT AS IDENTITY (
    SEQUENCE NAME public."ServicePackages_Id_seq"
    START WITH 1
    INCREMENT BY 1
    NO MINVALUE
    NO MAXVALUE
    CACHE 1
);


--
-- Name: Specializations; Type: TABLE; Schema: public; Owner: postgres
--

CREATE TABLE public."Specializations" (
    "Id" bigint NOT NULL,
    "Name" character varying(256) NOT NULL,
    "ExpertType" integer NOT NULL,
    "Category" integer NOT NULL,
    "IsActive" boolean DEFAULT true NOT NULL,
    "CreatedAt" timestamp with time zone NOT NULL,
    "UpdatedAt" timestamp with time zone
);


ALTER TABLE public."Specializations" OWNER TO postgres;

--
-- Name: Specializations_Id_seq; Type: SEQUENCE; Schema: public; Owner: postgres
--

ALTER TABLE public."Specializations" ALTER COLUMN "Id" ADD GENERATED BY DEFAULT AS IDENTITY (
    SEQUENCE NAME public."Specializations_Id_seq"
    START WITH 1
    INCREMENT BY 1
    NO MINVALUE
    NO MAXVALUE
    CACHE 1
);


--
-- Name: SystemSettings; Type: TABLE; Schema: public; Owner: postgres
--

CREATE TABLE public."SystemSettings" (
    "Id" bigint NOT NULL,
    "Key" character varying(200) NOT NULL,
    "Value" text NOT NULL,
    "CreatedAt" timestamp with time zone NOT NULL,
    "UpdatedAt" timestamp with time zone
);


ALTER TABLE public."SystemSettings" OWNER TO postgres;

--
-- Name: SystemSettings_Id_seq; Type: SEQUENCE; Schema: public; Owner: postgres
--

ALTER TABLE public."SystemSettings" ALTER COLUMN "Id" ADD GENERATED BY DEFAULT AS IDENTITY (
    SEQUENCE NAME public."SystemSettings_Id_seq"
    START WITH 1
    INCREMENT BY 1
    NO MINVALUE
    NO MAXVALUE
    CACHE 1
);


--
-- Name: Users; Type: TABLE; Schema: public; Owner: postgres
--

CREATE TABLE public."Users" (
    "Id" bigint NOT NULL,
    "Email" character varying(256) NOT NULL,
    "PasswordHash" text NOT NULL,
    "PasswordSalt" text NOT NULL,
    "Phone" character varying(32),
    "IsActive" boolean DEFAULT true NOT NULL,
    "CreatedAt" timestamp with time zone NOT NULL,
    "UpdatedAt" timestamp with time zone
);


ALTER TABLE public."Users" OWNER TO postgres;

--
-- Name: Users_Id_seq; Type: SEQUENCE; Schema: public; Owner: postgres
--

ALTER TABLE public."Users" ALTER COLUMN "Id" ADD GENERATED BY DEFAULT AS IDENTITY (
    SEQUENCE NAME public."Users_Id_seq"
    START WITH 1
    INCREMENT BY 1
    NO MINVALUE
    NO MAXVALUE
    CACHE 1
);


--
-- Name: __EFMigrationsHistory; Type: TABLE; Schema: public; Owner: postgres
--

CREATE TABLE public."__EFMigrationsHistory" (
    "MigrationId" character varying(150) NOT NULL,
    "ProductVersion" character varying(32) NOT NULL
);


ALTER TABLE public."__EFMigrationsHistory" OWNER TO postgres;

--
-- Data for Name: Admins; Type: TABLE DATA; Schema: public; Owner: postgres
--

COPY public."Admins" ("Id", "UserId", "FirstName", "LastName", "IsSystemAdmin", "IsActive", "CreatedAt", "UpdatedAt") FROM stdin;
1	12	System	Admin	f	t	2026-01-17 18:54:30.524385+00	\N
\.


--
-- Data for Name: AppointmentNotes; Type: TABLE DATA; Schema: public; Owner: postgres
--

COPY public."AppointmentNotes" ("Id", "AppointmentId", "ClientId", "NoteText", "CreatedAt", "UpdatedAt") FROM stdin;
\.


--
-- Data for Name: AppointmentReports; Type: TABLE DATA; Schema: public; Owner: postgres
--

COPY public."AppointmentReports" ("Id", "AppointmentId", "ExpertId", "ReportText", "CreatedAt", "UpdatedAt") FROM stdin;
\.


--
-- Data for Name: Appointments; Type: TABLE DATA; Schema: public; Owner: postgres
--

COPY public."Appointments" ("Id", "ClientId", "ExpertId", "ClientPackageId", "ServiceType", "StartDateTime", "EndDateTime", "ZoomLink", "Status", "CreatedAt", "UpdatedAt") FROM stdin;
\.


--
-- Data for Name: AuditLogs; Type: TABLE DATA; Schema: public; Owner: postgres
--

COPY public."AuditLogs" ("Id", "UserId", "ActionType", "TargetType", "TargetId", "IpAddress", "MetaJson", "CreatedAt") FROM stdin;
\.


--
-- Data for Name: ClientPackages; Type: TABLE DATA; Schema: public; Owner: postgres
--

COPY public."ClientPackages" ("Id", "ClientId", "ServicePackageId", "TotalSessions", "UsedSessions", "Status", "PurchaseDate", "ExpireDate", "CreatedAt", "UpdatedAt") FROM stdin;
\.


--
-- Data for Name: Clients; Type: TABLE DATA; Schema: public; Owner: postgres
--

COPY public."Clients" ("Id", "UserId", "FirstName", "LastName", "Gender", "BirthDate", "IsActive", "CreatedAt", "UpdatedAt") FROM stdin;
1	8	Success	Test	1	1995-05-15 00:00:00+00	t	2026-01-16 18:11:43.447092+00	\N
2	9	Success	Test	1	1995-05-15 00:00:00+00	t	2026-01-16 18:13:44.713016+00	\N
3	10	Frontend	User	1	1990-01-01 00:00:00+00	t	2026-01-16 18:17:28.383853+00	\N
4	12	System	Admin	1	1990-01-01 00:00:00+00	t	2026-01-16 19:49:11.903809+00	\N
5	19	samet	albayrak	1	2003-01-25 00:00:00+00	t	2026-01-25 20:30:26.905225+00	\N
\.


--
-- Data for Name: Complaints; Type: TABLE DATA; Schema: public; Owner: postgres
--

COPY public."Complaints" ("Id", "ClientId", "ExpertId", "AppointmentId", "Category", "Type", "Title", "Description", "Status", "AdminNote", "CreatedAt", "UpdatedAt", "ClosedAt") FROM stdin;
\.


--
-- Data for Name: ContentItems; Type: TABLE DATA; Schema: public; Owner: postgres
--

COPY public."ContentItems" ("Id", "Title", "SubTitle", "Slug", "Type", "Category", "CoverImageUrl", "BodyHtml", "SeoTitle", "SeoDescription", "Status", "AuthorUserId", "PublishedAt", "CreatedAt", "UpdatedAt") FROM stdin;
\.


--
-- Data for Name: ConversationFlags; Type: TABLE DATA; Schema: public; Owner: postgres
--

COPY public."ConversationFlags" ("Id", "ConversationId", "ReportedByUserId", "Reason", "Status", "CreatedAt", "UpdatedAt") FROM stdin;
\.


--
-- Data for Name: Conversations; Type: TABLE DATA; Schema: public; Owner: postgres
--

COPY public."Conversations" ("Id", "ClientId", "ExpertId", "CreatedAt", "LastMessageAt", "IsFrozen") FROM stdin;
\.


--
-- Data for Name: DiscountCodes; Type: TABLE DATA; Schema: public; Owner: postgres
--

COPY public."DiscountCodes" ("Id", "Code", "Description", "DiscountType", "DiscountValue", "MaxUsageCount", "UsedCount", "ValidFrom", "ValidTo", "ApplicableExpertType", "IsActive", "CreatedAt", "UpdatedAt") FROM stdin;
\.


--
-- Data for Name: ExpertScheduleExceptions; Type: TABLE DATA; Schema: public; Owner: postgres
--

COPY public."ExpertScheduleExceptions" ("Id", "ExpertId", "Date", "Type", "StartTime", "EndTime", "Reason", "CreatedAt") FROM stdin;
\.


--
-- Data for Name: ExpertScheduleTemplates; Type: TABLE DATA; Schema: public; Owner: postgres
--

COPY public."ExpertScheduleTemplates" ("Id", "ExpertId", "DayOfWeek", "IsOpen", "WorkStartTime", "WorkEndTime", "CreatedAt", "UpdatedAt") FROM stdin;
\.


--
-- Data for Name: ExpertSpecializations; Type: TABLE DATA; Schema: public; Owner: postgres
--

COPY public."ExpertSpecializations" ("ExpertId", "SpecializationId", "CreatedAt") FROM stdin;
\.


--
-- Data for Name: Experts; Type: TABLE DATA; Schema: public; Owner: postgres
--

COPY public."Experts" ("Id", "UserId", "ExpertType", "Status", "DisplayName", "Bio", "City", "WorkType", "ExperienceStartDate", "AverageRating", "TotalReviewCount", "IsActive", "CreatedAt", "UpdatedAt") FROM stdin;
1	11	1	0	Dr. Test Expert	\N	Istanbul	1	2020-01-01	\N	0	t	2026-01-16 18:22:09.428477+00	\N
5	18	1	1	Test Expert	\N	Istanbul	1	2020-01-01	\N	0	t	2026-01-24 19:24:41.416906+00	2026-01-24 20:38:04.156335+00
4	15	1	1	Zeynep Demir	\N	Istanbul	1	2018-01-01	\N	0	t	2026-01-24 18:39:08.332389+00	2026-01-24 20:39:12.653546+00
3	14	1	2	Mehmet Kaya	\N	Istanbul	1	2010-01-01	\N	0	t	2026-01-24 18:38:44.254417+00	2026-01-24 20:39:51.076824+00
2	13	1	2	Ayse Yilmaz	\N	Istanbul	1	2014-01-24	\N	0	t	2026-01-24 18:38:03.873376+00	2026-01-25 20:24:14.898801+00
\.


--
-- Data for Name: Messages; Type: TABLE DATA; Schema: public; Owner: postgres
--

COPY public."Messages" ("Id", "ConversationId", "SenderUserId", "MessageText", "IsRead", "ReadAt", "CreatedAt") FROM stdin;
\.


--
-- Data for Name: PaymentDiscountUsages; Type: TABLE DATA; Schema: public; Owner: postgres
--

COPY public."PaymentDiscountUsages" ("Id", "PaymentId", "DiscountCodeId", "AppliedAmount", "CreatedAt") FROM stdin;
\.


--
-- Data for Name: Payments; Type: TABLE DATA; Schema: public; Owner: postgres
--

COPY public."Payments" ("Id", "ClientId", "ClientPackageId", "Amount", "Currency", "PaymentMethod", "Status", "Gateway", "GatewayPaymentId", "ProviderRawResponse", "ConfirmedAt", "CreatedAt", "UpdatedAt") FROM stdin;
\.


--
-- Data for Name: Reviews; Type: TABLE DATA; Schema: public; Owner: postgres
--

COPY public."Reviews" ("Id", "AppointmentId", "ClientId", "ExpertId", "Rating", "Comment", "Status", "AdminNote", "CreatedAt", "ReviewedAt", "ReviewedByAdminId") FROM stdin;
\.


--
-- Data for Name: ServicePackages; Type: TABLE DATA; Schema: public; Owner: postgres
--

COPY public."ServicePackages" ("Id", "Name", "Description", "ExpertType", "SessionCount", "Price", "Currency", "IsActive", "CreatedAt", "UpdatedAt") FROM stdin;
1	Single Session	One online consultation session	0	1	750.00	TRY	t	2026-01-17 18:50:45.922295+00	\N
2	4 Session Package	Four online consultation sessions	0	4	2600.00	TRY	t	2026-01-17 18:50:45.922295+00	\N
\.


--
-- Data for Name: Specializations; Type: TABLE DATA; Schema: public; Owner: postgres
--

COPY public."Specializations" ("Id", "Name", "ExpertType", "Category", "IsActive", "CreatedAt", "UpdatedAt") FROM stdin;
1	Clinical Nutrition	0	0	t	2026-01-17 18:50:45.922291+00	\N
2	Sports Nutrition	0	0	t	2026-01-17 18:50:45.922291+00	\N
3	Weight Management	0	0	t	2026-01-17 18:50:45.922292+00	\N
\.


--
-- Data for Name: SystemSettings; Type: TABLE DATA; Schema: public; Owner: postgres
--

COPY public."SystemSettings" ("Id", "Key", "Value", "CreatedAt", "UpdatedAt") FROM stdin;
1	Platform.CommissionRate	0.15	2026-01-17 18:50:45.92227+00	\N
2	Session.DefaultDurationMinutes	30	2026-01-17 18:50:45.92227+00	\N
3	Session.CancelLimitHours	24	2026-01-17 18:50:45.922271+00	\N
\.


--
-- Data for Name: Users; Type: TABLE DATA; Schema: public; Owner: postgres
--

COPY public."Users" ("Id", "Email", "PasswordHash", "PasswordSalt", "Phone", "IsActive", "CreatedAt", "UpdatedAt") FROM stdin;
1	test@example.com	eWQrOB0AhU1KewxMoglv4yQxWyP0Xmo5bfvuJDy2xbY=	pgvg+g28tUFwiFDMLtyqLLwyxSF/ox/h/gp3tCNZ+BTu7Wk2Pi5Omo0Y7GRqjd7u1TzIk023TTmu23V4nF2Kgg==	5384815458	t	2026-01-15 21:20:29.739553+00	\N
2	newtest@example.com	oPb9mSlWHIv3cypExwsyiB3ooAnu4RVKsAPLcDFYHSo=	lkZnkW980jcvNIeVoeO8vDdExqkyYUP+XYo/PUO/u6Hnxd6N7Q1STNAzslHc7a72ZM/ulmdXOAj6MHYhYcJ+0A==	5384815458	t	2026-01-15 21:23:03.869083+00	\N
3	sametalbayrk@gmail.com	V/bwNSAGal1GO3aSxGG3+qRz3w/Jqwori3rnRg/35Hs=	lWhuZPIK3vKRoEK4Ap4iL8ZsyrWCyFLLVtuVwNYJcVLewx4oRCWqCDhl1kBbLsH2TEO/CA+Eavb8IpWGRuOB1Q==	5384815458	t	2026-01-15 21:26:24.113512+00	\N
4	debug@test.com	gXuJdZMetFjqamrNHWSRB8eb6GSBSHSfdcSCkn/SHMY=	1GR97dr8Qkls6h9ywZ0tKx+M8/zqagYw8HTii+AkeETtyI9zT1mkJpzRI2JbPjrPgNYVLLfFkgbIMypTO8eSEA==	5551234567	t	2026-01-16 17:57:29.553931+00	\N
5	debugtest@example.com	atp9VWlboLCmLGabSC4FbzlsDgCeFFkbUQKElU4UTB4=	IXnx7YMxKEAKIiX3tB+kDBvU5wgl6v7PEO5W0FIZr++lCkYFG3d7IYbFel5kXHFPkq8e+QK5MUYTKmypDV/0Mg==	5551234567	t	2026-01-16 18:01:04.302082+00	\N
6	finaltest@example.com	/ol+tCMUTTJbYfXA3uz99QDOuuF4GMWfYnVDPFVA7JU=	c+4nYQrqa6OQYu4mBpl7ZnX+sAAH2918PdxGzpN2JazBAaZ4vv24WDEFLFDwegbjnOtgw45rsOM6NlNeNgZUVg==	5551234567	t	2026-01-16 18:03:26.009337+00	\N
7	innertest3@example.com	Ll1w3TYjfiydmllI0ToXhLeP3TPZxrA3OALELzpvMI8=	lBxbfZmyHt9d0Q/2lP04Ow9Vbe9cLyecC4qazp2DRdk4VLDYSlQPSepM9Gtb+djORaFdqC1wh/vAHfnnx3k/EQ==	05321234567	t	2026-01-16 18:07:54.400045+00	\N
8	success@example.com	D0Eikpfzsh+mIitP3lWyxIbaIALpVcGIjfDOF1uj8Cg=	eOHevxBzEnRvQiV4dDYOzoHwbnyjwWm9QnkdLudz4jz6jhMKGO7C0iEg40z2qCurUU2hAFkMnd2U+Yf5U+mtkw==	05321234567	t	2026-01-16 18:11:43.201008+00	\N
9	manual_success@example.com	235DCQbS6KIYdoO6811gfG/B+00QxBUEbZj+2F5Exgg=	dFigiAMslsuPvvutXkSTQ9SrQ5b2efbYvPhak7XBsRc2jwTrA+rzaFLsUiZVRo39RmQoTzn+E0KulI9rpPUQ1Q==	05321234567	t	2026-01-16 18:13:44.706727+00	\N
10	frontend@test.com	HCtIFj/XPKKwMKTf9x6dFdHM68AejArbD325Cep0QDs=	/7jyuVsgt0JR9Zt6aU4Zg8w1lzfE0RlZL7owkHEKVe/6lNoWvtf6xSoVwzdyv6P64XS9FFWSpVRYLVBFBPbBbA==	05321234567	t	2026-01-16 18:17:28.376751+00	\N
11	expert@test.com	x+vqMQKixjDnqwaelXef5Sfq43KpWUxauEVrTElBllw=	rY/gj2kt7Onucnyh+xbQ878e/vNOW9eVAG6cGaq1tEMI+CnT9fGRLIqyMhJMNZBhqhNS2Yklke0Rw+sKlluQeg==	05321234567	t	2026-01-16 18:22:09.42103+00	\N
12	admin@healthlink.com	HwbPO+btbe1Iicaj3addisrWFznzjKnS2JI+9a3G+xQ=	hNb0mKPoQh4libQ2wGq8UcvaQ+yix2bPFUsb01eWjf/PNlLvoPOwlza4CbBMkK60+u87FxA+jhiyDxJlwfvw4g==	05001234567	t	2026-01-16 19:49:11.807063+00	\N
13	dyt.ayse@healthlink.com	jriu/cMcuAeoD8o/Q48AtOi+T7C+gYeDZmiMSVt73x4=	PQ4AswHWYOzg9LxpX0vdBLWKe/Avk2QBdQadbMvYvsobtAInz2ykT38GhWoiAnykV9BuMa3pFdJEsXJhcC1/FQ==	5551234567	t	2026-01-24 18:38:03.67602+00	\N
14	dyt.mehmet@healthlink.com	ZTJADV3d4kYgYhbAF7a3ZW3us9Qwxp17PzoTzGftNjo=	ED3vLoDtuMTMS4Anefi4oQpQ9WElFGzR+U42qaIVD76kudc7z7w6Ctn3lmG1YT6BumZVtSNymCk59+8OWG0LxA==	5551234568	t	2026-01-24 18:38:44.247299+00	\N
15	dyt.zeynep@healthlink.com	4pKAleTUZl5o785GHiUxuaDOqoO1SObU1aQC8Eqb/l8=	HYfdDP8ZHWKq5GVfZ6f0I2iKYAsQPYXnEliXoCsP5jMPZQJW/3QoMyeddeL5E1Gqzz7GM/Y0NhJKrvi0z/mqAg==	5551234569	t	2026-01-24 18:39:08.326159+00	\N
16	psk.ali@healthlink.com	37jR0o2qYLSNXPra5xPylBYo105Ad2P745BGcXl/VlI=	2C2qrdVnDvuSioep7tkiAqtCFzLWrK3cUpWTiOZnu5HZw7c/iVdBxbhMr52oQBLrWBW8NYlcOdAlqUnGhoh2cw==	5551234570	t	2026-01-24 18:40:33.687909+00	\N
17	psk.elif@healthlink.com	p3giM5nmNa2rE0nc5d8bB50f/mSfmXkYbn/F/TdTxxc=	VoAofsG3wortFzM+KAkIILWnvqeJWtEf1/Jamz65D0loZG82QQxMaDVN9zhHNHiOFT0WTWTbeAZQMhVWmQ8pYg==	5551234571	t	2026-01-24 18:41:01.934027+00	\N
18	test.expert@healthlink.com	i+DYJwa7ZGRpT6w8Gsvx1sPJIcQ2kJ6cLrre3XptnmM=	StYv66+1Qu8w7nYTNTh9bWCIOsYvb2DWN0dClSsVVtCjG8PXu4XT39JO1QCLVg70JOge9pcxPHTdxOuTgTavXg==	5559999999	t	2026-01-24 19:24:41.407915+00	\N
19	kullanici01@healtlink.com	uWiPWZtDGfMk/koL/4rASfXA3VOGDJk+EzAl4DM30W8=	PJvg2zh4hQy9+3mGroELEf61SQba+24C0lMMTuDw6LmniHl1CgC6HexpeQGf+gxUHRqmbkbgH+Z0V7hd6x0qSQ==	05384815455	t	2026-01-25 20:30:26.605542+00	\N
\.


--
-- Data for Name: __EFMigrationsHistory; Type: TABLE DATA; Schema: public; Owner: postgres
--

COPY public."__EFMigrationsHistory" ("MigrationId", "ProductVersion") FROM stdin;
20260115211552_InitialCreate	8.0.22
20260117185046_AddAdminsTable	8.0.22
\.


--
-- Name: Admins_Id_seq; Type: SEQUENCE SET; Schema: public; Owner: postgres
--

SELECT pg_catalog.setval('public."Admins_Id_seq"', 1, true);


--
-- Name: AppointmentNotes_Id_seq; Type: SEQUENCE SET; Schema: public; Owner: postgres
--

SELECT pg_catalog.setval('public."AppointmentNotes_Id_seq"', 1, false);


--
-- Name: AppointmentReports_Id_seq; Type: SEQUENCE SET; Schema: public; Owner: postgres
--

SELECT pg_catalog.setval('public."AppointmentReports_Id_seq"', 1, false);


--
-- Name: Appointments_Id_seq; Type: SEQUENCE SET; Schema: public; Owner: postgres
--

SELECT pg_catalog.setval('public."Appointments_Id_seq"', 1, false);


--
-- Name: AuditLogs_Id_seq; Type: SEQUENCE SET; Schema: public; Owner: postgres
--

SELECT pg_catalog.setval('public."AuditLogs_Id_seq"', 1, false);


--
-- Name: ClientPackages_Id_seq; Type: SEQUENCE SET; Schema: public; Owner: postgres
--

SELECT pg_catalog.setval('public."ClientPackages_Id_seq"', 1, false);


--
-- Name: Clients_Id_seq; Type: SEQUENCE SET; Schema: public; Owner: postgres
--

SELECT pg_catalog.setval('public."Clients_Id_seq"', 5, true);


--
-- Name: Complaints_Id_seq; Type: SEQUENCE SET; Schema: public; Owner: postgres
--

SELECT pg_catalog.setval('public."Complaints_Id_seq"', 1, false);


--
-- Name: ContentItems_Id_seq; Type: SEQUENCE SET; Schema: public; Owner: postgres
--

SELECT pg_catalog.setval('public."ContentItems_Id_seq"', 1, false);


--
-- Name: ConversationFlags_Id_seq; Type: SEQUENCE SET; Schema: public; Owner: postgres
--

SELECT pg_catalog.setval('public."ConversationFlags_Id_seq"', 1, false);


--
-- Name: Conversations_Id_seq; Type: SEQUENCE SET; Schema: public; Owner: postgres
--

SELECT pg_catalog.setval('public."Conversations_Id_seq"', 1, false);


--
-- Name: DiscountCodes_Id_seq; Type: SEQUENCE SET; Schema: public; Owner: postgres
--

SELECT pg_catalog.setval('public."DiscountCodes_Id_seq"', 1, false);


--
-- Name: ExpertScheduleExceptions_Id_seq; Type: SEQUENCE SET; Schema: public; Owner: postgres
--

SELECT pg_catalog.setval('public."ExpertScheduleExceptions_Id_seq"', 1, false);


--
-- Name: ExpertScheduleTemplates_Id_seq; Type: SEQUENCE SET; Schema: public; Owner: postgres
--

SELECT pg_catalog.setval('public."ExpertScheduleTemplates_Id_seq"', 1, false);


--
-- Name: Experts_Id_seq; Type: SEQUENCE SET; Schema: public; Owner: postgres
--

SELECT pg_catalog.setval('public."Experts_Id_seq"', 5, true);


--
-- Name: Messages_Id_seq; Type: SEQUENCE SET; Schema: public; Owner: postgres
--

SELECT pg_catalog.setval('public."Messages_Id_seq"', 1, false);


--
-- Name: PaymentDiscountUsages_Id_seq; Type: SEQUENCE SET; Schema: public; Owner: postgres
--

SELECT pg_catalog.setval('public."PaymentDiscountUsages_Id_seq"', 1, false);


--
-- Name: Payments_Id_seq; Type: SEQUENCE SET; Schema: public; Owner: postgres
--

SELECT pg_catalog.setval('public."Payments_Id_seq"', 1, false);


--
-- Name: Reviews_Id_seq; Type: SEQUENCE SET; Schema: public; Owner: postgres
--

SELECT pg_catalog.setval('public."Reviews_Id_seq"', 1, false);


--
-- Name: ServicePackages_Id_seq; Type: SEQUENCE SET; Schema: public; Owner: postgres
--

SELECT pg_catalog.setval('public."ServicePackages_Id_seq"', 3, false);


--
-- Name: Specializations_Id_seq; Type: SEQUENCE SET; Schema: public; Owner: postgres
--

SELECT pg_catalog.setval('public."Specializations_Id_seq"', 4, false);


--
-- Name: SystemSettings_Id_seq; Type: SEQUENCE SET; Schema: public; Owner: postgres
--

SELECT pg_catalog.setval('public."SystemSettings_Id_seq"', 4, false);


--
-- Name: Users_Id_seq; Type: SEQUENCE SET; Schema: public; Owner: postgres
--

SELECT pg_catalog.setval('public."Users_Id_seq"', 19, true);


--
-- Name: Admins PK_Admins; Type: CONSTRAINT; Schema: public; Owner: postgres
--

ALTER TABLE ONLY public."Admins"
    ADD CONSTRAINT "PK_Admins" PRIMARY KEY ("Id");


--
-- Name: AppointmentNotes PK_AppointmentNotes; Type: CONSTRAINT; Schema: public; Owner: postgres
--

ALTER TABLE ONLY public."AppointmentNotes"
    ADD CONSTRAINT "PK_AppointmentNotes" PRIMARY KEY ("Id");


--
-- Name: AppointmentReports PK_AppointmentReports; Type: CONSTRAINT; Schema: public; Owner: postgres
--

ALTER TABLE ONLY public."AppointmentReports"
    ADD CONSTRAINT "PK_AppointmentReports" PRIMARY KEY ("Id");


--
-- Name: Appointments PK_Appointments; Type: CONSTRAINT; Schema: public; Owner: postgres
--

ALTER TABLE ONLY public."Appointments"
    ADD CONSTRAINT "PK_Appointments" PRIMARY KEY ("Id");


--
-- Name: AuditLogs PK_AuditLogs; Type: CONSTRAINT; Schema: public; Owner: postgres
--

ALTER TABLE ONLY public."AuditLogs"
    ADD CONSTRAINT "PK_AuditLogs" PRIMARY KEY ("Id");


--
-- Name: ClientPackages PK_ClientPackages; Type: CONSTRAINT; Schema: public; Owner: postgres
--

ALTER TABLE ONLY public."ClientPackages"
    ADD CONSTRAINT "PK_ClientPackages" PRIMARY KEY ("Id");


--
-- Name: Clients PK_Clients; Type: CONSTRAINT; Schema: public; Owner: postgres
--

ALTER TABLE ONLY public."Clients"
    ADD CONSTRAINT "PK_Clients" PRIMARY KEY ("Id");


--
-- Name: Complaints PK_Complaints; Type: CONSTRAINT; Schema: public; Owner: postgres
--

ALTER TABLE ONLY public."Complaints"
    ADD CONSTRAINT "PK_Complaints" PRIMARY KEY ("Id");


--
-- Name: ContentItems PK_ContentItems; Type: CONSTRAINT; Schema: public; Owner: postgres
--

ALTER TABLE ONLY public."ContentItems"
    ADD CONSTRAINT "PK_ContentItems" PRIMARY KEY ("Id");


--
-- Name: ConversationFlags PK_ConversationFlags; Type: CONSTRAINT; Schema: public; Owner: postgres
--

ALTER TABLE ONLY public."ConversationFlags"
    ADD CONSTRAINT "PK_ConversationFlags" PRIMARY KEY ("Id");


--
-- Name: Conversations PK_Conversations; Type: CONSTRAINT; Schema: public; Owner: postgres
--

ALTER TABLE ONLY public."Conversations"
    ADD CONSTRAINT "PK_Conversations" PRIMARY KEY ("Id");


--
-- Name: DiscountCodes PK_DiscountCodes; Type: CONSTRAINT; Schema: public; Owner: postgres
--

ALTER TABLE ONLY public."DiscountCodes"
    ADD CONSTRAINT "PK_DiscountCodes" PRIMARY KEY ("Id");


--
-- Name: ExpertScheduleExceptions PK_ExpertScheduleExceptions; Type: CONSTRAINT; Schema: public; Owner: postgres
--

ALTER TABLE ONLY public."ExpertScheduleExceptions"
    ADD CONSTRAINT "PK_ExpertScheduleExceptions" PRIMARY KEY ("Id");


--
-- Name: ExpertScheduleTemplates PK_ExpertScheduleTemplates; Type: CONSTRAINT; Schema: public; Owner: postgres
--

ALTER TABLE ONLY public."ExpertScheduleTemplates"
    ADD CONSTRAINT "PK_ExpertScheduleTemplates" PRIMARY KEY ("Id");


--
-- Name: ExpertSpecializations PK_ExpertSpecializations; Type: CONSTRAINT; Schema: public; Owner: postgres
--

ALTER TABLE ONLY public."ExpertSpecializations"
    ADD CONSTRAINT "PK_ExpertSpecializations" PRIMARY KEY ("ExpertId", "SpecializationId");


--
-- Name: Experts PK_Experts; Type: CONSTRAINT; Schema: public; Owner: postgres
--

ALTER TABLE ONLY public."Experts"
    ADD CONSTRAINT "PK_Experts" PRIMARY KEY ("Id");


--
-- Name: Messages PK_Messages; Type: CONSTRAINT; Schema: public; Owner: postgres
--

ALTER TABLE ONLY public."Messages"
    ADD CONSTRAINT "PK_Messages" PRIMARY KEY ("Id");


--
-- Name: PaymentDiscountUsages PK_PaymentDiscountUsages; Type: CONSTRAINT; Schema: public; Owner: postgres
--

ALTER TABLE ONLY public."PaymentDiscountUsages"
    ADD CONSTRAINT "PK_PaymentDiscountUsages" PRIMARY KEY ("Id");


--
-- Name: Payments PK_Payments; Type: CONSTRAINT; Schema: public; Owner: postgres
--

ALTER TABLE ONLY public."Payments"
    ADD CONSTRAINT "PK_Payments" PRIMARY KEY ("Id");


--
-- Name: Reviews PK_Reviews; Type: CONSTRAINT; Schema: public; Owner: postgres
--

ALTER TABLE ONLY public."Reviews"
    ADD CONSTRAINT "PK_Reviews" PRIMARY KEY ("Id");


--
-- Name: ServicePackages PK_ServicePackages; Type: CONSTRAINT; Schema: public; Owner: postgres
--

ALTER TABLE ONLY public."ServicePackages"
    ADD CONSTRAINT "PK_ServicePackages" PRIMARY KEY ("Id");


--
-- Name: Specializations PK_Specializations; Type: CONSTRAINT; Schema: public; Owner: postgres
--

ALTER TABLE ONLY public."Specializations"
    ADD CONSTRAINT "PK_Specializations" PRIMARY KEY ("Id");


--
-- Name: SystemSettings PK_SystemSettings; Type: CONSTRAINT; Schema: public; Owner: postgres
--

ALTER TABLE ONLY public."SystemSettings"
    ADD CONSTRAINT "PK_SystemSettings" PRIMARY KEY ("Id");


--
-- Name: Users PK_Users; Type: CONSTRAINT; Schema: public; Owner: postgres
--

ALTER TABLE ONLY public."Users"
    ADD CONSTRAINT "PK_Users" PRIMARY KEY ("Id");


--
-- Name: __EFMigrationsHistory PK___EFMigrationsHistory; Type: CONSTRAINT; Schema: public; Owner: postgres
--

ALTER TABLE ONLY public."__EFMigrationsHistory"
    ADD CONSTRAINT "PK___EFMigrationsHistory" PRIMARY KEY ("MigrationId");


--
-- Name: IX_Admins_UserId; Type: INDEX; Schema: public; Owner: postgres
--

CREATE UNIQUE INDEX "IX_Admins_UserId" ON public."Admins" USING btree ("UserId");


--
-- Name: IX_AppointmentNotes_AppointmentId; Type: INDEX; Schema: public; Owner: postgres
--

CREATE INDEX "IX_AppointmentNotes_AppointmentId" ON public."AppointmentNotes" USING btree ("AppointmentId");


--
-- Name: IX_AppointmentNotes_ClientId; Type: INDEX; Schema: public; Owner: postgres
--

CREATE INDEX "IX_AppointmentNotes_ClientId" ON public."AppointmentNotes" USING btree ("ClientId");


--
-- Name: IX_AppointmentReports_AppointmentId; Type: INDEX; Schema: public; Owner: postgres
--

CREATE INDEX "IX_AppointmentReports_AppointmentId" ON public."AppointmentReports" USING btree ("AppointmentId");


--
-- Name: IX_AppointmentReports_ExpertId; Type: INDEX; Schema: public; Owner: postgres
--

CREATE INDEX "IX_AppointmentReports_ExpertId" ON public."AppointmentReports" USING btree ("ExpertId");


--
-- Name: IX_Appointments_ClientId; Type: INDEX; Schema: public; Owner: postgres
--

CREATE INDEX "IX_Appointments_ClientId" ON public."Appointments" USING btree ("ClientId");


--
-- Name: IX_Appointments_ClientPackageId; Type: INDEX; Schema: public; Owner: postgres
--

CREATE INDEX "IX_Appointments_ClientPackageId" ON public."Appointments" USING btree ("ClientPackageId");


--
-- Name: IX_Appointments_ExpertId; Type: INDEX; Schema: public; Owner: postgres
--

CREATE INDEX "IX_Appointments_ExpertId" ON public."Appointments" USING btree ("ExpertId");


--
-- Name: IX_AuditLogs_UserId; Type: INDEX; Schema: public; Owner: postgres
--

CREATE INDEX "IX_AuditLogs_UserId" ON public."AuditLogs" USING btree ("UserId");


--
-- Name: IX_ClientPackages_ClientId; Type: INDEX; Schema: public; Owner: postgres
--

CREATE INDEX "IX_ClientPackages_ClientId" ON public."ClientPackages" USING btree ("ClientId");


--
-- Name: IX_ClientPackages_ServicePackageId; Type: INDEX; Schema: public; Owner: postgres
--

CREATE INDEX "IX_ClientPackages_ServicePackageId" ON public."ClientPackages" USING btree ("ServicePackageId");


--
-- Name: IX_Clients_UserId; Type: INDEX; Schema: public; Owner: postgres
--

CREATE UNIQUE INDEX "IX_Clients_UserId" ON public."Clients" USING btree ("UserId");


--
-- Name: IX_Complaints_AppointmentId; Type: INDEX; Schema: public; Owner: postgres
--

CREATE INDEX "IX_Complaints_AppointmentId" ON public."Complaints" USING btree ("AppointmentId");


--
-- Name: IX_Complaints_ClientId; Type: INDEX; Schema: public; Owner: postgres
--

CREATE INDEX "IX_Complaints_ClientId" ON public."Complaints" USING btree ("ClientId");


--
-- Name: IX_Complaints_ExpertId; Type: INDEX; Schema: public; Owner: postgres
--

CREATE INDEX "IX_Complaints_ExpertId" ON public."Complaints" USING btree ("ExpertId");


--
-- Name: IX_ContentItems_AuthorUserId; Type: INDEX; Schema: public; Owner: postgres
--

CREATE INDEX "IX_ContentItems_AuthorUserId" ON public."ContentItems" USING btree ("AuthorUserId");


--
-- Name: IX_ContentItems_Slug; Type: INDEX; Schema: public; Owner: postgres
--

CREATE UNIQUE INDEX "IX_ContentItems_Slug" ON public."ContentItems" USING btree ("Slug");


--
-- Name: IX_ConversationFlags_ConversationId; Type: INDEX; Schema: public; Owner: postgres
--

CREATE INDEX "IX_ConversationFlags_ConversationId" ON public."ConversationFlags" USING btree ("ConversationId");


--
-- Name: IX_ConversationFlags_ReportedByUserId; Type: INDEX; Schema: public; Owner: postgres
--

CREATE INDEX "IX_ConversationFlags_ReportedByUserId" ON public."ConversationFlags" USING btree ("ReportedByUserId");


--
-- Name: IX_Conversations_ClientId_ExpertId; Type: INDEX; Schema: public; Owner: postgres
--

CREATE UNIQUE INDEX "IX_Conversations_ClientId_ExpertId" ON public."Conversations" USING btree ("ClientId", "ExpertId");


--
-- Name: IX_Conversations_ExpertId; Type: INDEX; Schema: public; Owner: postgres
--

CREATE INDEX "IX_Conversations_ExpertId" ON public."Conversations" USING btree ("ExpertId");


--
-- Name: IX_DiscountCodes_Code; Type: INDEX; Schema: public; Owner: postgres
--

CREATE UNIQUE INDEX "IX_DiscountCodes_Code" ON public."DiscountCodes" USING btree ("Code");


--
-- Name: IX_ExpertScheduleExceptions_ExpertId; Type: INDEX; Schema: public; Owner: postgres
--

CREATE INDEX "IX_ExpertScheduleExceptions_ExpertId" ON public."ExpertScheduleExceptions" USING btree ("ExpertId");


--
-- Name: IX_ExpertScheduleTemplates_ExpertId_DayOfWeek; Type: INDEX; Schema: public; Owner: postgres
--

CREATE UNIQUE INDEX "IX_ExpertScheduleTemplates_ExpertId_DayOfWeek" ON public."ExpertScheduleTemplates" USING btree ("ExpertId", "DayOfWeek");


--
-- Name: IX_ExpertSpecializations_SpecializationId; Type: INDEX; Schema: public; Owner: postgres
--

CREATE INDEX "IX_ExpertSpecializations_SpecializationId" ON public."ExpertSpecializations" USING btree ("SpecializationId");


--
-- Name: IX_Experts_UserId; Type: INDEX; Schema: public; Owner: postgres
--

CREATE UNIQUE INDEX "IX_Experts_UserId" ON public."Experts" USING btree ("UserId");


--
-- Name: IX_Messages_ConversationId; Type: INDEX; Schema: public; Owner: postgres
--

CREATE INDEX "IX_Messages_ConversationId" ON public."Messages" USING btree ("ConversationId");


--
-- Name: IX_Messages_SenderUserId; Type: INDEX; Schema: public; Owner: postgres
--

CREATE INDEX "IX_Messages_SenderUserId" ON public."Messages" USING btree ("SenderUserId");


--
-- Name: IX_PaymentDiscountUsages_DiscountCodeId; Type: INDEX; Schema: public; Owner: postgres
--

CREATE INDEX "IX_PaymentDiscountUsages_DiscountCodeId" ON public."PaymentDiscountUsages" USING btree ("DiscountCodeId");


--
-- Name: IX_PaymentDiscountUsages_PaymentId; Type: INDEX; Schema: public; Owner: postgres
--

CREATE INDEX "IX_PaymentDiscountUsages_PaymentId" ON public."PaymentDiscountUsages" USING btree ("PaymentId");


--
-- Name: IX_Payments_ClientId; Type: INDEX; Schema: public; Owner: postgres
--

CREATE INDEX "IX_Payments_ClientId" ON public."Payments" USING btree ("ClientId");


--
-- Name: IX_Payments_ClientPackageId; Type: INDEX; Schema: public; Owner: postgres
--

CREATE UNIQUE INDEX "IX_Payments_ClientPackageId" ON public."Payments" USING btree ("ClientPackageId");


--
-- Name: IX_Reviews_AppointmentId; Type: INDEX; Schema: public; Owner: postgres
--

CREATE UNIQUE INDEX "IX_Reviews_AppointmentId" ON public."Reviews" USING btree ("AppointmentId");


--
-- Name: IX_Reviews_ClientId; Type: INDEX; Schema: public; Owner: postgres
--

CREATE INDEX "IX_Reviews_ClientId" ON public."Reviews" USING btree ("ClientId");


--
-- Name: IX_Reviews_ExpertId; Type: INDEX; Schema: public; Owner: postgres
--

CREATE INDEX "IX_Reviews_ExpertId" ON public."Reviews" USING btree ("ExpertId");


--
-- Name: IX_Reviews_ReviewedByAdminId; Type: INDEX; Schema: public; Owner: postgres
--

CREATE INDEX "IX_Reviews_ReviewedByAdminId" ON public."Reviews" USING btree ("ReviewedByAdminId");


--
-- Name: IX_Specializations_Name; Type: INDEX; Schema: public; Owner: postgres
--

CREATE UNIQUE INDEX "IX_Specializations_Name" ON public."Specializations" USING btree ("Name");


--
-- Name: IX_SystemSettings_Key; Type: INDEX; Schema: public; Owner: postgres
--

CREATE UNIQUE INDEX "IX_SystemSettings_Key" ON public."SystemSettings" USING btree ("Key");


--
-- Name: IX_Users_Email; Type: INDEX; Schema: public; Owner: postgres
--

CREATE UNIQUE INDEX "IX_Users_Email" ON public."Users" USING btree ("Email");


--
-- Name: Admins FK_Admins_Users_UserId; Type: FK CONSTRAINT; Schema: public; Owner: postgres
--

ALTER TABLE ONLY public."Admins"
    ADD CONSTRAINT "FK_Admins_Users_UserId" FOREIGN KEY ("UserId") REFERENCES public."Users"("Id") ON DELETE RESTRICT;


--
-- Name: AppointmentNotes FK_AppointmentNotes_Appointments_AppointmentId; Type: FK CONSTRAINT; Schema: public; Owner: postgres
--

ALTER TABLE ONLY public."AppointmentNotes"
    ADD CONSTRAINT "FK_AppointmentNotes_Appointments_AppointmentId" FOREIGN KEY ("AppointmentId") REFERENCES public."Appointments"("Id") ON DELETE CASCADE;


--
-- Name: AppointmentNotes FK_AppointmentNotes_Clients_ClientId; Type: FK CONSTRAINT; Schema: public; Owner: postgres
--

ALTER TABLE ONLY public."AppointmentNotes"
    ADD CONSTRAINT "FK_AppointmentNotes_Clients_ClientId" FOREIGN KEY ("ClientId") REFERENCES public."Clients"("Id") ON DELETE RESTRICT;


--
-- Name: AppointmentReports FK_AppointmentReports_Appointments_AppointmentId; Type: FK CONSTRAINT; Schema: public; Owner: postgres
--

ALTER TABLE ONLY public."AppointmentReports"
    ADD CONSTRAINT "FK_AppointmentReports_Appointments_AppointmentId" FOREIGN KEY ("AppointmentId") REFERENCES public."Appointments"("Id") ON DELETE CASCADE;


--
-- Name: AppointmentReports FK_AppointmentReports_Experts_ExpertId; Type: FK CONSTRAINT; Schema: public; Owner: postgres
--

ALTER TABLE ONLY public."AppointmentReports"
    ADD CONSTRAINT "FK_AppointmentReports_Experts_ExpertId" FOREIGN KEY ("ExpertId") REFERENCES public."Experts"("Id") ON DELETE RESTRICT;


--
-- Name: Appointments FK_Appointments_ClientPackages_ClientPackageId; Type: FK CONSTRAINT; Schema: public; Owner: postgres
--

ALTER TABLE ONLY public."Appointments"
    ADD CONSTRAINT "FK_Appointments_ClientPackages_ClientPackageId" FOREIGN KEY ("ClientPackageId") REFERENCES public."ClientPackages"("Id") ON DELETE SET NULL;


--
-- Name: Appointments FK_Appointments_Clients_ClientId; Type: FK CONSTRAINT; Schema: public; Owner: postgres
--

ALTER TABLE ONLY public."Appointments"
    ADD CONSTRAINT "FK_Appointments_Clients_ClientId" FOREIGN KEY ("ClientId") REFERENCES public."Clients"("Id") ON DELETE RESTRICT;


--
-- Name: Appointments FK_Appointments_Experts_ExpertId; Type: FK CONSTRAINT; Schema: public; Owner: postgres
--

ALTER TABLE ONLY public."Appointments"
    ADD CONSTRAINT "FK_Appointments_Experts_ExpertId" FOREIGN KEY ("ExpertId") REFERENCES public."Experts"("Id") ON DELETE RESTRICT;


--
-- Name: AuditLogs FK_AuditLogs_Users_UserId; Type: FK CONSTRAINT; Schema: public; Owner: postgres
--

ALTER TABLE ONLY public."AuditLogs"
    ADD CONSTRAINT "FK_AuditLogs_Users_UserId" FOREIGN KEY ("UserId") REFERENCES public."Users"("Id") ON DELETE SET NULL;


--
-- Name: ClientPackages FK_ClientPackages_Clients_ClientId; Type: FK CONSTRAINT; Schema: public; Owner: postgres
--

ALTER TABLE ONLY public."ClientPackages"
    ADD CONSTRAINT "FK_ClientPackages_Clients_ClientId" FOREIGN KEY ("ClientId") REFERENCES public."Clients"("Id") ON DELETE RESTRICT;


--
-- Name: ClientPackages FK_ClientPackages_ServicePackages_ServicePackageId; Type: FK CONSTRAINT; Schema: public; Owner: postgres
--

ALTER TABLE ONLY public."ClientPackages"
    ADD CONSTRAINT "FK_ClientPackages_ServicePackages_ServicePackageId" FOREIGN KEY ("ServicePackageId") REFERENCES public."ServicePackages"("Id") ON DELETE RESTRICT;


--
-- Name: Clients FK_Clients_Users_UserId; Type: FK CONSTRAINT; Schema: public; Owner: postgres
--

ALTER TABLE ONLY public."Clients"
    ADD CONSTRAINT "FK_Clients_Users_UserId" FOREIGN KEY ("UserId") REFERENCES public."Users"("Id") ON DELETE RESTRICT;


--
-- Name: Complaints FK_Complaints_Appointments_AppointmentId; Type: FK CONSTRAINT; Schema: public; Owner: postgres
--

ALTER TABLE ONLY public."Complaints"
    ADD CONSTRAINT "FK_Complaints_Appointments_AppointmentId" FOREIGN KEY ("AppointmentId") REFERENCES public."Appointments"("Id") ON DELETE RESTRICT;


--
-- Name: Complaints FK_Complaints_Clients_ClientId; Type: FK CONSTRAINT; Schema: public; Owner: postgres
--

ALTER TABLE ONLY public."Complaints"
    ADD CONSTRAINT "FK_Complaints_Clients_ClientId" FOREIGN KEY ("ClientId") REFERENCES public."Clients"("Id") ON DELETE RESTRICT;


--
-- Name: Complaints FK_Complaints_Experts_ExpertId; Type: FK CONSTRAINT; Schema: public; Owner: postgres
--

ALTER TABLE ONLY public."Complaints"
    ADD CONSTRAINT "FK_Complaints_Experts_ExpertId" FOREIGN KEY ("ExpertId") REFERENCES public."Experts"("Id") ON DELETE RESTRICT;


--
-- Name: ContentItems FK_ContentItems_Users_AuthorUserId; Type: FK CONSTRAINT; Schema: public; Owner: postgres
--

ALTER TABLE ONLY public."ContentItems"
    ADD CONSTRAINT "FK_ContentItems_Users_AuthorUserId" FOREIGN KEY ("AuthorUserId") REFERENCES public."Users"("Id") ON DELETE RESTRICT;


--
-- Name: ConversationFlags FK_ConversationFlags_Conversations_ConversationId; Type: FK CONSTRAINT; Schema: public; Owner: postgres
--

ALTER TABLE ONLY public."ConversationFlags"
    ADD CONSTRAINT "FK_ConversationFlags_Conversations_ConversationId" FOREIGN KEY ("ConversationId") REFERENCES public."Conversations"("Id") ON DELETE CASCADE;


--
-- Name: ConversationFlags FK_ConversationFlags_Users_ReportedByUserId; Type: FK CONSTRAINT; Schema: public; Owner: postgres
--

ALTER TABLE ONLY public."ConversationFlags"
    ADD CONSTRAINT "FK_ConversationFlags_Users_ReportedByUserId" FOREIGN KEY ("ReportedByUserId") REFERENCES public."Users"("Id") ON DELETE RESTRICT;


--
-- Name: Conversations FK_Conversations_Clients_ClientId; Type: FK CONSTRAINT; Schema: public; Owner: postgres
--

ALTER TABLE ONLY public."Conversations"
    ADD CONSTRAINT "FK_Conversations_Clients_ClientId" FOREIGN KEY ("ClientId") REFERENCES public."Clients"("Id") ON DELETE RESTRICT;


--
-- Name: Conversations FK_Conversations_Experts_ExpertId; Type: FK CONSTRAINT; Schema: public; Owner: postgres
--

ALTER TABLE ONLY public."Conversations"
    ADD CONSTRAINT "FK_Conversations_Experts_ExpertId" FOREIGN KEY ("ExpertId") REFERENCES public."Experts"("Id") ON DELETE RESTRICT;


--
-- Name: ExpertScheduleExceptions FK_ExpertScheduleExceptions_Experts_ExpertId; Type: FK CONSTRAINT; Schema: public; Owner: postgres
--

ALTER TABLE ONLY public."ExpertScheduleExceptions"
    ADD CONSTRAINT "FK_ExpertScheduleExceptions_Experts_ExpertId" FOREIGN KEY ("ExpertId") REFERENCES public."Experts"("Id") ON DELETE CASCADE;


--
-- Name: ExpertScheduleTemplates FK_ExpertScheduleTemplates_Experts_ExpertId; Type: FK CONSTRAINT; Schema: public; Owner: postgres
--

ALTER TABLE ONLY public."ExpertScheduleTemplates"
    ADD CONSTRAINT "FK_ExpertScheduleTemplates_Experts_ExpertId" FOREIGN KEY ("ExpertId") REFERENCES public."Experts"("Id") ON DELETE CASCADE;


--
-- Name: ExpertSpecializations FK_ExpertSpecializations_Experts_ExpertId; Type: FK CONSTRAINT; Schema: public; Owner: postgres
--

ALTER TABLE ONLY public."ExpertSpecializations"
    ADD CONSTRAINT "FK_ExpertSpecializations_Experts_ExpertId" FOREIGN KEY ("ExpertId") REFERENCES public."Experts"("Id") ON DELETE CASCADE;


--
-- Name: ExpertSpecializations FK_ExpertSpecializations_Specializations_SpecializationId; Type: FK CONSTRAINT; Schema: public; Owner: postgres
--

ALTER TABLE ONLY public."ExpertSpecializations"
    ADD CONSTRAINT "FK_ExpertSpecializations_Specializations_SpecializationId" FOREIGN KEY ("SpecializationId") REFERENCES public."Specializations"("Id") ON DELETE RESTRICT;


--
-- Name: Experts FK_Experts_Users_UserId; Type: FK CONSTRAINT; Schema: public; Owner: postgres
--

ALTER TABLE ONLY public."Experts"
    ADD CONSTRAINT "FK_Experts_Users_UserId" FOREIGN KEY ("UserId") REFERENCES public."Users"("Id") ON DELETE RESTRICT;


--
-- Name: Messages FK_Messages_Conversations_ConversationId; Type: FK CONSTRAINT; Schema: public; Owner: postgres
--

ALTER TABLE ONLY public."Messages"
    ADD CONSTRAINT "FK_Messages_Conversations_ConversationId" FOREIGN KEY ("ConversationId") REFERENCES public."Conversations"("Id") ON DELETE CASCADE;


--
-- Name: Messages FK_Messages_Users_SenderUserId; Type: FK CONSTRAINT; Schema: public; Owner: postgres
--

ALTER TABLE ONLY public."Messages"
    ADD CONSTRAINT "FK_Messages_Users_SenderUserId" FOREIGN KEY ("SenderUserId") REFERENCES public."Users"("Id") ON DELETE RESTRICT;


--
-- Name: PaymentDiscountUsages FK_PaymentDiscountUsages_DiscountCodes_DiscountCodeId; Type: FK CONSTRAINT; Schema: public; Owner: postgres
--

ALTER TABLE ONLY public."PaymentDiscountUsages"
    ADD CONSTRAINT "FK_PaymentDiscountUsages_DiscountCodes_DiscountCodeId" FOREIGN KEY ("DiscountCodeId") REFERENCES public."DiscountCodes"("Id") ON DELETE RESTRICT;


--
-- Name: PaymentDiscountUsages FK_PaymentDiscountUsages_Payments_PaymentId; Type: FK CONSTRAINT; Schema: public; Owner: postgres
--

ALTER TABLE ONLY public."PaymentDiscountUsages"
    ADD CONSTRAINT "FK_PaymentDiscountUsages_Payments_PaymentId" FOREIGN KEY ("PaymentId") REFERENCES public."Payments"("Id") ON DELETE RESTRICT;


--
-- Name: Payments FK_Payments_ClientPackages_ClientPackageId; Type: FK CONSTRAINT; Schema: public; Owner: postgres
--

ALTER TABLE ONLY public."Payments"
    ADD CONSTRAINT "FK_Payments_ClientPackages_ClientPackageId" FOREIGN KEY ("ClientPackageId") REFERENCES public."ClientPackages"("Id") ON DELETE RESTRICT;


--
-- Name: Payments FK_Payments_Clients_ClientId; Type: FK CONSTRAINT; Schema: public; Owner: postgres
--

ALTER TABLE ONLY public."Payments"
    ADD CONSTRAINT "FK_Payments_Clients_ClientId" FOREIGN KEY ("ClientId") REFERENCES public."Clients"("Id") ON DELETE RESTRICT;


--
-- Name: Reviews FK_Reviews_Appointments_AppointmentId; Type: FK CONSTRAINT; Schema: public; Owner: postgres
--

ALTER TABLE ONLY public."Reviews"
    ADD CONSTRAINT "FK_Reviews_Appointments_AppointmentId" FOREIGN KEY ("AppointmentId") REFERENCES public."Appointments"("Id") ON DELETE RESTRICT;


--
-- Name: Reviews FK_Reviews_Clients_ClientId; Type: FK CONSTRAINT; Schema: public; Owner: postgres
--

ALTER TABLE ONLY public."Reviews"
    ADD CONSTRAINT "FK_Reviews_Clients_ClientId" FOREIGN KEY ("ClientId") REFERENCES public."Clients"("Id") ON DELETE RESTRICT;


--
-- Name: Reviews FK_Reviews_Experts_ExpertId; Type: FK CONSTRAINT; Schema: public; Owner: postgres
--

ALTER TABLE ONLY public."Reviews"
    ADD CONSTRAINT "FK_Reviews_Experts_ExpertId" FOREIGN KEY ("ExpertId") REFERENCES public."Experts"("Id") ON DELETE RESTRICT;


--
-- Name: Reviews FK_Reviews_Users_ReviewedByAdminId; Type: FK CONSTRAINT; Schema: public; Owner: postgres
--

ALTER TABLE ONLY public."Reviews"
    ADD CONSTRAINT "FK_Reviews_Users_ReviewedByAdminId" FOREIGN KEY ("ReviewedByAdminId") REFERENCES public."Users"("Id") ON DELETE RESTRICT;


--
-- PostgreSQL database dump complete
--

\unrestrict zxRuVjQ3R746KZlgFH9CV1HZZX6Ss2GUXbl6jnrjSVcd1QJBhxiJBWn10yLHIrJ

